,Country,Flag Image URL,Capital,Area (km^2),Population
0,Russia,https://upload.wikimedia.org/wikipedia/en/thumb/f/f3/Flag_of_Russia.svg/1200px-Flag_of_Russia.svg.png,Moscow,17098246,146424729
1,Canada,https://upload.wikimedia.org/wikipedia/commons/thumb/d/d9/Flag_of_Canada_%28Pantone%29.svg/1200px-Flag_of_Canada_%28Pantone%29.svg.png,Ottawa,9984670,40130200
2,China,https://upload.wikimedia.org/wikipedia/commons/thumb/f/fa/Flag_of_the_People%27s_Republic_of_China.svg/1200px-Flag_of_the_People%27s_Republic_of_China.svg.png,Beijing,9596961,1411750000
3,United States,https://upload.wikimedia.org/wikipedia/en/thumb/a/a4/Flag_of_the_United_States.svg/1200px-Flag_of_the_United_States.svg.png,"Washington, D.C.",9833517,335038000
4,Brazil,https://upload.wikimedia.org/wikipedia/en/thumb/0/05/Flag_of_Brazil.svg/1200px-Flag_of_Brazil.svg.png,Brasília,8515767,203062512
5,Australia,https://upload.wikimedia.org/wikipedia/commons/thumb/8/88/Flag_of_Australia_%28converted%29.svg/1200px-Flag_of_Australia_%28converted%29.svg.png,Canberra,7692024,26567100
6,India,https://upload.wikimedia.org/wikipedia/en/thumb/4/41/Flag_of_India.svg/1200px-Flag_of_India.svg.png,New Delhi,3287263,1392329000
7,Argentina,https://upload.wikimedia.org/wikipedia/commons/thumb/1/1a/Flag_of_Argentina.svg/1200px-Flag_of_Argentina.svg.png,Buenos Aires,2780400,46044703
8,Kazakhstan,https://upload.wikimedia.org/wikipedia/commons/thumb/d/d3/Flag_of_Kazakhstan.svg/1200px-Flag_of_Kazakhstan.svg.png,Astana,2724900,19854083
9,Algeria,https://upload.wikimedia.org/wikipedia/commons/thumb/7/77/Flag_of_Algeria.svg/1200px-Flag_of_Algeria.svg.png,Algiers,2381741,45400000
10,Greenland,https://upload.wikimedia.org/wikipedia/commons/thumb/0/09/Flag_of_Greenland.svg/1200px-Flag_of_Greenland.svg.png,Nuuk,2166086,56609
11,Saudi Arabia,https://upload.wikimedia.org/wikipedia/commons/thumb/0/0d/Flag_of_Saudi_Arabia.svg/1200px-Flag_of_Saudi_Arabia.svg.png,Riyadh,2149690,32175224
12,Mexico,https://upload.wikimedia.org/wikipedia/commons/thumb/f/fc/Flag_of_Mexico.svg/1200px-Flag_of_Mexico.svg.png,Mexico City,1964375,129035733
13,Indonesia,https://upload.wikimedia.org/wikipedia/commons/thumb/9/9f/Flag_of_Indonesia.svg/1200px-Flag_of_Indonesia.svg.png,Jakarta,,
14,Sudan,https://upload.wikimedia.org/wikipedia/commons/thumb/0/01/Flag_of_Sudan.svg/1200px-Flag_of_Sudan.svg.png,Khartoum,1861484,41984500
15,Libya,https://upload.wikimedia.org/wikipedia/commons/thumb/0/05/Flag_of_Libya.svg/1200px-Flag_of_Libya.svg.png,"Tripoli, Libya",1759540,6931061
16,Iran,https://upload.wikimedia.org/wikipedia/commons/thumb/c/ca/Flag_of_Iran.svg/1200px-Flag_of_Iran.svg.png,Tehran,1648195,85151500
17,Mongolia,https://upload.wikimedia.org/wikipedia/commons/thumb/4/4c/Flag_of_Mongolia.svg/1200px-Flag_of_Mongolia.svg.png,Ulaanbaatar,1564110,3457548
18,Peru,https://upload.wikimedia.org/wikipedia/commons/thumb/c/cf/Flag_of_Peru.svg/1200px-Flag_of_Peru.svg.png,Lima,1285216,33396698
19,Chad,https://upload.wikimedia.org/wikipedia/commons/thumb/4/4b/Flag_of_Chad.svg/1200px-Flag_of_Chad.svg.png,N'Djamena,1284000,16818391
20,Niger,https://upload.wikimedia.org/wikipedia/commons/thumb/f/f4/Flag_of_Niger.svg/1200px-Flag_of_Niger.svg.png,Niamey,1267000,216783400
21,Angola,https://upload.wikimedia.org/wikipedia/commons/thumb/9/9d/Flag_of_Angola.svg/1200px-Flag_of_Angola.svg.png,Luanda,1246700,33086278
22,Mali,https://upload.wikimedia.org/wikipedia/commons/thumb/9/92/Flag_of_Mali.svg/1200px-Flag_of_Mali.svg.png,Bamako,1240192,23293699
23,South Africa,https://upload.wikimedia.org/wikipedia/commons/thumb/a/af/Flag_of_South_Africa.svg/1200px-Flag_of_South_Africa.svg.png,Pretoria,1221037,60604992
24,Colombia,https://upload.wikimedia.org/wikipedia/commons/thumb/2/21/Flag_of_Colombia.svg/1200px-Flag_of_Colombia.svg.png,Bogotá,1141748,52215503
25,Ethiopia,https://upload.wikimedia.org/wikipedia/commons/thumb/7/71/Flag_of_Ethiopia.svg/1200px-Flag_of_Ethiopia.svg.png,Addis Ababa,1104300,105163988
26,Bolivia,https://upload.wikimedia.org/wikipedia/commons/thumb/4/48/Flag_of_Bolivia.svg/1200px-Flag_of_Bolivia.svg.png,l,1098581,12006031
27,Mauritania,https://upload.wikimedia.org/wikipedia/commons/thumb/4/43/Flag_of_Mauritania.svg/1200px-Flag_of_Mauritania.svg.png,Nouakchott,1030700,4372037
28,Egypt,https://upload.wikimedia.org/wikipedia/commons/thumb/f/fe/Flag_of_Egypt.svg/1200px-Flag_of_Egypt.svg.png,Cairo,1002450,102060688
29,Tanzania,https://upload.wikimedia.org/wikipedia/commons/thumb/3/38/Flag_of_Tanzania.svg/1200px-Flag_of_Tanzania.svg.png,Dodoma,945087,61741120
30,Nigeria,https://upload.wikimedia.org/wikipedia/commons/thumb/7/79/Flag_of_Nigeria.svg/1200px-Flag_of_Nigeria.svg.png,Abuja,923768,216783400
31,Venezuela,https://upload.wikimedia.org/wikipedia/commons/thumb/0/06/Flag_of_Venezuela.svg/1200px-Flag_of_Venezuela.svg.png,Caracas,916445,28302000
32,Pakistan,https://upload.wikimedia.org/wikipedia/commons/thumb/3/32/Flag_of_Pakistan.svg/1200px-Flag_of_Pakistan.svg.png,Islamabad,881913,220425254
33,Namibia,https://upload.wikimedia.org/wikipedia/commons/thumb/0/00/Flag_of_Namibia.svg/1200px-Flag_of_Namibia.svg.png,Windhoek,825615,2596037
34,Mozambique,https://upload.wikimedia.org/wikipedia/commons/thumb/d/d0/Flag_of_Mozambique.svg/1200px-Flag_of_Mozambique.svg.png,Maputo,801590,32419747
35,Turkey,https://upload.wikimedia.org/wikipedia/commons/thumb/b/b4/Flag_of_Turkey.svg/1200px-Flag_of_Turkey.svg.png,Ankara,783562,85279553
36,Chile,https://upload.wikimedia.org/wikipedia/commons/thumb/7/78/Flag_of_Chile.svg/1200px-Flag_of_Chile.svg.png,Santiago,756102,19960889
37,Zambia,https://upload.wikimedia.org/wikipedia/commons/thumb/0/06/Flag_of_Zambia.svg/1200px-Flag_of_Zambia.svg.png,Lusaka,752612,19610769
38,Myanmar,https://upload.wikimedia.org/wikipedia/commons/thumb/8/8c/Flag_of_Myanmar.svg/1200px-Flag_of_Myanmar.svg.png,Naypyidaw,676578,55770232
39,Afghanistan,https://upload.wikimedia.org/wikipedia/commons/thumb/5/5c/Flag_of_the_Taliban.svg/1200px-Flag_of_the_Taliban.svg.png,Kabul,652867,34262840
40,South Sudan,https://upload.wikimedia.org/wikipedia/commons/thumb/7/7a/Flag_of_South_Sudan.svg/1200px-Flag_of_South_Sudan.svg.png,Juba,644329,13249924
41,France,https://upload.wikimedia.org/wikipedia/en/thumb/c/c3/Flag_of_France.svg/1200px-Flag_of_France.svg.png,Paris,640679,68042591
42,Somalia,https://upload.wikimedia.org/wikipedia/commons/thumb/a/a0/Flag_of_Somalia.svg/1200px-Flag_of_Somalia.svg.png,Mogadishu,637657,17598000
43,Central African Republic,https://upload.wikimedia.org/wikipedia/commons/thumb/6/6f/Flag_of_the_Central_African_Republic.svg/1200px-Flag_of_the_Central_African_Republic.svg.png,Bangui,622984,5633412
44,Ukraine,https://upload.wikimedia.org/wikipedia/commons/thumb/4/49/Flag_of_Ukraine.svg/1200px-Flag_of_Ukraine.svg.png,Kyiv,603550,41130432
45,Madagascar,https://upload.wikimedia.org/wikipedia/commons/thumb/b/bc/Flag_of_Madagascar.svg/1200px-Flag_of_Madagascar.svg.png,Antananarivo,587041,26923353
46,Botswana,https://upload.wikimedia.org/wikipedia/commons/thumb/f/fa/Flag_of_Botswana.svg/1200px-Flag_of_Botswana.svg.png,Gaborone,581730,2410338
47,Kenya,https://upload.wikimedia.org/wikipedia/commons/thumb/4/49/Flag_of_Kenya.svg/1200px-Flag_of_Kenya.svg.png,Nairobi,580367,51526000
48,Yemen,https://upload.wikimedia.org/wikipedia/commons/thumb/8/89/Flag_of_Yemen.svg/1200px-Flag_of_Yemen.svg.png,Sanaa,527968,31890000
49,France,https://upload.wikimedia.org/wikipedia/en/thumb/c/c3/Flag_of_France.svg/1200px-Flag_of_France.svg.png,Paris,640679,68042591
50,Thailand,https://upload.wikimedia.org/wikipedia/commons/thumb/a/a9/Flag_of_Thailand.svg/1200px-Flag_of_Thailand.svg.png,Bangkok,513120,68263022
51,Spain,https://upload.wikimedia.org/wikipedia/commons/thumb/8/89/Bandera_de_Espa%C3%B1a.svg/1200px-Bandera_de_Espa%C3%B1a.svg.png,Madrid,505992,48196693
52,Turkmenistan,https://upload.wikimedia.org/wikipedia/commons/thumb/1/1b/Flag_of_Turkmenistan.svg/1200px-Flag_of_Turkmenistan.svg.png,Ashgabat,488100,6516100
53,Cameroon,https://upload.wikimedia.org/wikipedia/commons/thumb/4/4f/Flag_of_Cameroon.svg/1200px-Flag_of_Cameroon.svg.png,Yaoundé,475442,24348251
54,Papua New Guinea,https://upload.wikimedia.org/wikipedia/commons/thumb/e/e3/Flag_of_Papua_New_Guinea.svg/1200px-Flag_of_Papua_New_Guinea.svg.png,Port Moresby,462840,9122994
55,Sweden,https://upload.wikimedia.org/wikipedia/en/thumb/4/4c/Flag_of_Sweden.svg/1200px-Flag_of_Sweden.svg.png,Stockholm,447425,10538026
56,Uzbekistan,https://upload.wikimedia.org/wikipedia/commons/thumb/8/84/Flag_of_Uzbekistan.svg/1200px-Flag_of_Uzbekistan.svg.png,Tashkent,447400,36197788
57,Morocco,https://upload.wikimedia.org/wikipedia/commons/thumb/0/0f/Flag_of_Morocco_%28large_stroke%29.svg/1200px-Flag_of_Morocco_%28large_stroke%29.svg.png,Rabat,446550,37007100
58,Iraq,https://upload.wikimedia.org/wikipedia/commons/thumb/f/f6/Flag_of_Iraq.svg/1200px-Flag_of_Iraq.svg.png,Baghdad,438317,43324000
59,Paraguay,https://upload.wikimedia.org/wikipedia/commons/thumb/2/27/Flag_of_Paraguay.svg/1200px-Flag_of_Paraguay.svg.png,Asunción,406752,7453695
60,Zimbabwe,https://upload.wikimedia.org/wikipedia/commons/thumb/6/6a/Flag_of_Zimbabwe.svg/1200px-Flag_of_Zimbabwe.svg.png,Harare,390757,15178979
61,Norway,https://upload.wikimedia.org/wikipedia/commons/thumb/d/d9/Flag_of_Norway.svg/1200px-Flag_of_Norway.svg.png,Oslo,385207,5504329
62,Japan,https://upload.wikimedia.org/wikipedia/en/thumb/9/9e/Flag_of_Japan.svg/1200px-Flag_of_Japan.svg.png,Tokyo,377976,124500000
63,Germany,https://upload.wikimedia.org/wikipedia/en/thumb/b/ba/Flag_of_Germany.svg/1200px-Flag_of_Germany.svg.png,Berlin,357114,84358845
64,Finland,https://upload.wikimedia.org/wikipedia/commons/thumb/b/bc/Flag_of_Finland.svg/1200px-Flag_of_Finland.svg.png,Helsinki,338425,5541016
65,Vietnam,https://upload.wikimedia.org/wikipedia/commons/thumb/2/21/Flag_of_Vietnam.svg/1200px-Flag_of_Vietnam.svg.png,Hanoi,331212,99460000
66,Malaysia,https://upload.wikimedia.org/wikipedia/commons/thumb/6/66/Flag_of_Malaysia.svg/1200px-Flag_of_Malaysia.svg.png,Kuala Lumpur,330803,33047700
67,Norway,https://upload.wikimedia.org/wikipedia/commons/thumb/d/d9/Flag_of_Norway.svg/1200px-Flag_of_Norway.svg.png,Oslo,385207,5504329
68,Ivory Coast,https://upload.wikimedia.org/wikipedia/commons/thumb/f/fe/Flag_of_C%C3%B4te_d%27Ivoire.svg/1200px-Flag_of_C%C3%B4te_d%27Ivoire.svg.png,Yamoussoukro,322463,29389150
69,Poland,https://upload.wikimedia.org/wikipedia/en/thumb/1/12/Flag_of_Poland.svg/1200px-Flag_of_Poland.svg.png,Warsaw,312696,37726000
70,Oman,https://upload.wikimedia.org/wikipedia/commons/thumb/d/dd/Flag_of_Oman.svg/1200px-Flag_of_Oman.svg.png,"Muscat, Oman",309500,5035658
71,Italy,https://upload.wikimedia.org/wikipedia/en/thumb/0/03/Flag_of_Italy.svg/1200px-Flag_of_Italy.svg.png,Rome,301339,58803163
72,Philippines,https://upload.wikimedia.org/wikipedia/commons/thumb/9/99/Flag_of_the_Philippines.svg/1200px-Flag_of_the_Philippines.svg.png,Manila,300000,110864000
73,Ecuador,https://upload.wikimedia.org/wikipedia/commons/thumb/e/e8/Flag_of_Ecuador.svg/1200px-Flag_of_Ecuador.svg.png,Quito,276841,18329000
74,Burkina Faso,https://upload.wikimedia.org/wikipedia/commons/thumb/3/31/Flag_of_Burkina_Faso.svg/1200px-Flag_of_Burkina_Faso.svg.png,Ouagadougou,274222,22185654
75,New Zealand,https://upload.wikimedia.org/wikipedia/commons/thumb/3/3e/Flag_of_New_Zealand.svg/1200px-Flag_of_New_Zealand.svg.png,Wellington,270467,5199100
76,Gabon,https://upload.wikimedia.org/wikipedia/commons/thumb/0/04/Flag_of_Gabon.svg/1200px-Flag_of_Gabon.svg.png,Libreville,267668,2233272
77,Guinea,https://upload.wikimedia.org/wikipedia/commons/thumb/e/ed/Flag_of_Guinea.svg/1200px-Flag_of_Guinea.svg.png,Conakry,462840,13261638
78,United Kingdom,https://upload.wikimedia.org/wikipedia/commons/thumb/a/a5/Flag_of_the_United_Kingdom_%281-2%29.svg/1200px-Flag_of_the_United_Kingdom_%281-2%29.svg.png,London,242495,
79,Uganda,https://upload.wikimedia.org/wikipedia/commons/thumb/4/4e/Flag_of_Uganda.svg/1200px-Flag_of_Uganda.svg.png,Kampala,241550,42885900
80,Ghana,https://upload.wikimedia.org/wikipedia/commons/thumb/1/19/Flag_of_Ghana.svg/1200px-Flag_of_Ghana.svg.png,Accra,238533,30832019
81,Romania,https://upload.wikimedia.org/wikipedia/commons/thumb/7/73/Flag_of_Romania.svg/1200px-Flag_of_Romania.svg.png,Bucharest,238397,19053815
82,Laos,https://upload.wikimedia.org/wikipedia/commons/thumb/5/56/Flag_of_Laos.svg/1200px-Flag_of_Laos.svg.png,Vientiane,236800,7337783
83,Guyana,https://upload.wikimedia.org/wikipedia/commons/thumb/9/99/Flag_of_Guyana.svg/1200px-Flag_of_Guyana.svg.png,"Georgetown, Guyana",214969,743699
84,Belarus,https://upload.wikimedia.org/wikipedia/commons/thumb/8/85/Flag_of_Belarus.svg/1200px-Flag_of_Belarus.svg.png,Minsk,207600,9200617
85,Kyrgyzstan,https://upload.wikimedia.org/wikipedia/commons/thumb/c/c7/Flag_of_Kyrgyzstan.svg/1200px-Flag_of_Kyrgyzstan.svg.png,Bishkek,199951,7100000
86,Senegal,https://upload.wikimedia.org/wikipedia/commons/thumb/f/fd/Flag_of_Senegal.svg/1200px-Flag_of_Senegal.svg.png,Dakar,196722,17223497
87,Cambodia,https://upload.wikimedia.org/wikipedia/commons/thumb/8/83/Flag_of_Cambodia.svg/1200px-Flag_of_Cambodia.svg.png,Phnom Penh,181035,15552211
88,Uruguay,https://upload.wikimedia.org/wikipedia/commons/thumb/f/fe/Flag_of_Uruguay.svg/1200px-Flag_of_Uruguay.svg.png,Montevideo,176215,3554915
89,Somaliland,https://upload.wikimedia.org/wikipedia/commons/thumb/4/4d/Flag_of_Somaliland.svg/1200px-Flag_of_Somaliland.svg.png,Hargeisa,176120,
90,Suriname,https://upload.wikimedia.org/wikipedia/commons/thumb/6/60/Flag_of_Suriname.svg/1200px-Flag_of_Suriname.svg.png,Paramaribo,163820,616500
91,Tunisia,https://upload.wikimedia.org/wikipedia/commons/thumb/c/ce/Flag_of_Tunisia.svg/1200px-Flag_of_Tunisia.svg.png,Tunis,163610,11803588
92,Bangladesh,https://upload.wikimedia.org/wikipedia/commons/thumb/f/f9/Flag_of_Bangladesh.svg/1200px-Flag_of_Bangladesh.svg.png,Dhaka,148460,169828911
93,Nepal,https://upload.wikimedia.org/wikipedia/commons/thumb/9/9b/Flag_of_Nepal.svg/1200px-Flag_of_Nepal.svg.png,Kathmandu,147516,29164578
94,Tajikistan,https://upload.wikimedia.org/wikipedia/commons/thumb/d/d0/Flag_of_Tajikistan.svg/1200px-Flag_of_Tajikistan.svg.png,Dushanbe,143100,9506000
95,Greece,https://upload.wikimedia.org/wikipedia/commons/thumb/5/5c/Flag_of_Greece.svg/1200px-Flag_of_Greece.svg.png,Athens,131957,10482487
96,Nicaragua,https://upload.wikimedia.org/wikipedia/commons/thumb/1/19/Flag_of_Nicaragua.svg/1200px-Flag_of_Nicaragua.svg.png,Managua,130373,6595674
97,Eritrea,https://upload.wikimedia.org/wikipedia/commons/thumb/2/29/Flag_of_Eritrea.svg/1200px-Flag_of_Eritrea.svg.png,Asmara,125000,3748902
98,North Korea,https://upload.wikimedia.org/wikipedia/commons/thumb/5/51/Flag_of_North_Korea.svg/1200px-Flag_of_North_Korea.svg.png,Pyongyang,120540,25660000
99,Malawi,https://upload.wikimedia.org/wikipedia/commons/thumb/d/d1/Flag_of_Malawi.svg/1200px-Flag_of_Malawi.svg.png,Lilongwe,118484,21507723
100,Benin,https://upload.wikimedia.org/wikipedia/commons/thumb/0/0a/Flag_of_Benin.svg/1200px-Flag_of_Benin.svg.png,Porto-Novo,114763,12606998
101,Honduras,https://upload.wikimedia.org/wikipedia/commons/thumb/8/82/Flag_of_Honduras.svg/1200px-Flag_of_Honduras.svg.png,Tegucigalpa,112492,9546178
102,Liberia,https://upload.wikimedia.org/wikipedia/commons/thumb/b/b8/Flag_of_Liberia.svg/1200px-Flag_of_Liberia.svg.png,Monrovia,111369,4661010
103,Bulgaria,https://upload.wikimedia.org/wikipedia/commons/thumb/9/9a/Flag_of_Bulgaria.svg/1200px-Flag_of_Bulgaria.svg.png,Sofia,111002,6447710
104,Cuba,https://upload.wikimedia.org/wikipedia/commons/thumb/b/bd/Flag_of_Cuba.svg/1200px-Flag_of_Cuba.svg.png,Havana,109884,11089511
105,Guatemala,https://upload.wikimedia.org/wikipedia/commons/thumb/e/ec/Flag_of_Guatemala.svg/1200px-Flag_of_Guatemala.svg.png,Guatemala City,108889,17109746
106,Iceland,https://upload.wikimedia.org/wikipedia/commons/thumb/c/ce/Flag_of_Iceland.svg/1200px-Flag_of_Iceland.svg.png,Reykjavík,103000,390830
107,South Korea,https://upload.wikimedia.org/wikipedia/commons/thumb/0/09/Flag_of_South_Korea.svg/1200px-Flag_of_South_Korea.svg.png,Seoul,100210,51439038
108,Hungary,https://upload.wikimedia.org/wikipedia/commons/thumb/c/c1/Flag_of_Hungary.svg/1200px-Flag_of_Hungary.svg.png,Budapest,93028,9678000
109,Portugal,https://upload.wikimedia.org/wikipedia/commons/thumb/5/5c/Flag_of_Portugal.svg/1200px-Flag_of_Portugal.svg.png,Lisbon,92226,10467366
110,Jordan,https://upload.wikimedia.org/wikipedia/commons/thumb/c/c0/Flag_of_Jordan.svg/1200px-Flag_of_Jordan.svg.png,Amman,89342,11431000
111,Serbia,https://upload.wikimedia.org/wikipedia/commons/thumb/f/ff/Flag_of_Serbia.svg/1200px-Flag_of_Serbia.svg.png,Belgrade,88361,6647003
112,Azerbaijan,https://upload.wikimedia.org/wikipedia/commons/thumb/d/dd/Flag_of_Azerbaijan.svg/1200px-Flag_of_Azerbaijan.svg.png,Baku,86600,10135373
113,Austria,https://upload.wikimedia.org/wikipedia/commons/thumb/4/41/Flag_of_Austria.svg/1200px-Flag_of_Austria.svg.png,Vienna,83871,9120091
114,United Arab Emirates,https://upload.wikimedia.org/wikipedia/commons/thumb/c/cb/Flag_of_the_United_Arab_Emirates.svg/1200px-Flag_of_the_United_Arab_Emirates.svg.png,Abu Dhabi,83600,9282410
115,Czech Republic,https://upload.wikimedia.org/wikipedia/commons/thumb/c/cb/Flag_of_the_Czech_Republic.svg/1200px-Flag_of_the_Czech_Republic.svg.png,Prague,78871,10827529
116,Panama,https://upload.wikimedia.org/wikipedia/commons/thumb/a/ab/Flag_of_Panama.svg/1200px-Flag_of_Panama.svg.png,Panama City,75417,4278500
117,Sierra Leone,https://upload.wikimedia.org/wikipedia/commons/thumb/1/17/Flag_of_Sierra_Leone.svg/1200px-Flag_of_Sierra_Leone.svg.png,Freetown,71740,8494260
118,Sri Lanka,https://upload.wikimedia.org/wikipedia/commons/thumb/1/11/Flag_of_Sri_Lanka.svg/1200px-Flag_of_Sri_Lanka.svg.png,Sri Jayawardenepura Kotte,65610,22181000
119,Lithuania,https://upload.wikimedia.org/wikipedia/commons/thumb/1/11/Flag_of_Lithuania.svg/1200px-Flag_of_Lithuania.svg.png,Vilnius,65300,2862274
120,Latvia,https://upload.wikimedia.org/wikipedia/commons/thumb/8/84/Flag_of_Latvia.svg/1200px-Flag_of_Latvia.svg.png,Riga,64559,1885400
121,Norway,https://upload.wikimedia.org/wikipedia/commons/thumb/d/d9/Flag_of_Norway.svg/1200px-Flag_of_Norway.svg.png,Oslo,385207,5504329
122,Togo,https://upload.wikimedia.org/wikipedia/commons/thumb/6/68/Flag_of_Togo.svg/1200px-Flag_of_Togo.svg.png,Lomé,56785,8095498
123,Croatia,https://upload.wikimedia.org/wikipedia/commons/thumb/1/1b/Flag_of_Croatia.svg/1200px-Flag_of_Croatia.svg.png,Zagreb,56594,3888529
124,Bosnia and Herzegovina,https://upload.wikimedia.org/wikipedia/commons/thumb/b/bf/Flag_of_Bosnia_and_Herzegovina.svg/1200px-Flag_of_Bosnia_and_Herzegovina.svg.png,Sarajevo,51209,3277082
125,Costa Rica,https://upload.wikimedia.org/wikipedia/commons/thumb/f/f2/Flag_of_Costa_Rica.svg/1200px-Flag_of_Costa_Rica.svg.png,"San José, Costa Rica",51100,5213362
126,Slovakia,https://upload.wikimedia.org/wikipedia/commons/thumb/e/e6/Flag_of_Slovakia.svg/1200px-Flag_of_Slovakia.svg.png,Bratislava,49037,5426857
127,Dominican Republic,https://upload.wikimedia.org/wikipedia/commons/thumb/9/9f/Flag_of_the_Dominican_Republic.svg/1200px-Flag_of_the_Dominican_Republic.svg.png,Santo Domingo,48671,10535535
128,Estonia,https://upload.wikimedia.org/wikipedia/commons/thumb/8/8f/Flag_of_Estonia.svg/1200px-Flag_of_Estonia.svg.png,Tallinn,45227,1365884
129,Denmark,https://upload.wikimedia.org/wikipedia/commons/thumb/9/9c/Flag_of_Denmark.svg/1200px-Flag_of_Denmark.svg.png,Copenhagen,2220093,5941388
130,Netherlands,https://upload.wikimedia.org/wikipedia/commons/thumb/2/20/Flag_of_the_Netherlands.svg/1200px-Flag_of_the_Netherlands.svg.png,Amsterdam,41850,
131,Switzerland,https://upload.wikimedia.org/wikipedia/commons/thumb/0/08/Flag_of_Switzerland_%28Pantone%29.svg/1200px-Flag_of_Switzerland_%28Pantone%29.svg.png,l</t,41277,8865270
132,Bhutan,https://upload.wikimedia.org/wikipedia/commons/thumb/9/91/Flag_of_Bhutan.svg/1200px-Flag_of_Bhutan.svg.png,Thimphu,38394,763200
133,Taiwan,https://upload.wikimedia.org/wikipedia/commons/thumb/7/72/Flag_of_the_Republic_of_China.svg/1200px-Flag_of_the_Republic_of_China.svg.png,Taipei,36193,23347374
134,Guinea-Bissau,https://upload.wikimedia.org/wikipedia/commons/thumb/0/01/Flag_of_Guinea-Bissau.svg/1200px-Flag_of_Guinea-Bissau.svg.png,Bissau,36125,1781308
135,Moldova,https://upload.wikimedia.org/wikipedia/commons/thumb/2/27/Flag_of_Moldova.svg/1200px-Flag_of_Moldova.svg.png,Chișinău,33846,2604000
136,Belgium,https://upload.wikimedia.org/wikipedia/commons/thumb/6/65/Flag_of_Belgium.svg/1200px-Flag_of_Belgium.svg.png,City of Brussels,30528,11755313
137,Lesotho,https://upload.wikimedia.org/wikipedia/commons/thumb/4/4a/Flag_of_Lesotho.svg/1200px-Flag_of_Lesotho.svg.png,Maseru,30355,2306000
138,Armenia,https://upload.wikimedia.org/wikipedia/commons/thumb/2/2f/Flag_of_Armenia.svg/1200px-Flag_of_Armenia.svg.png,Yerevan,29743,2981200
139,Solomon Islands,https://upload.wikimedia.org/wikipedia/commons/thumb/7/74/Flag_of_the_Solomon_Islands.svg/1200px-Flag_of_the_Solomon_Islands.svg.png,Honiara,28896,728041
140,Albania,https://upload.wikimedia.org/wikipedia/commons/thumb/3/36/Flag_of_Albania.svg/1200px-Flag_of_Albania.svg.png,Tirana,28748,2793592
141,Equatorial Guinea,https://upload.wikimedia.org/wikipedia/commons/thumb/3/31/Flag_of_Equatorial_Guinea.svg/1200px-Flag_of_Equatorial_Guinea.svg.png,Malabo,28051,1558160
142,Burundi,https://upload.wikimedia.org/wikipedia/commons/thumb/5/50/Flag_of_Burundi.svg/1200px-Flag_of_Burundi.svg.png,Gitega,27834,12837740
143,Haiti,https://upload.wikimedia.org/wikipedia/commons/thumb/5/56/Flag_of_Haiti.svg/1200px-Flag_of_Haiti.svg.png,Port-au-Prince,27750,11743017
144,Rwanda,https://upload.wikimedia.org/wikipedia/commons/thumb/1/17/Flag_of_Rwanda.svg/1200px-Flag_of_Rwanda.svg.png,Kigali,26338,13246394
145,North Macedonia,https://upload.wikimedia.org/wikipedia/commons/thumb/7/79/Flag_of_North_Macedonia.svg/1200px-Flag_of_North_Macedonia.svg.png,Skopje,25713,1832696
146,Djibouti,https://upload.wikimedia.org/wikipedia/commons/thumb/3/34/Flag_of_Djibouti.svg/1200px-Flag_of_Djibouti.svg.png,Djibouti (city),23200,1001454
147,Belize,https://upload.wikimedia.org/wikipedia/commons/thumb/e/e7/Flag_of_Belize.svg/1200px-Flag_of_Belize.svg.png,Belmopan,22966,441471
148,El Salvador,https://upload.wikimedia.org/wikipedia/commons/thumb/3/34/Flag_of_El_Salvador.svg/1200px-Flag_of_El_Salvador.svg.png,San Salvador,21041,6884888
149,Israel,https://upload.wikimedia.org/wikipedia/commons/thumb/d/d4/Flag_of_Israel.svg/1200px-Flag_of_Israel.svg.png,Jerusalem,20770,9741000
150,Slovenia,https://upload.wikimedia.org/wikipedia/commons/thumb/f/f0/Flag_of_Slovenia.svg/1200px-Flag_of_Slovenia.svg.png,Ljubljana,20273,2116972
151,New Caledonia,https://upload.wikimedia.org/wikipedia/en/thumb/c/c3/Flag_of_France.svg/1200px-Flag_of_France.svg.png,Nouméa,18575,273674
152,France,https://upload.wikimedia.org/wikipedia/en/thumb/c/c3/Flag_of_France.svg/1200px-Flag_of_France.svg.png,Paris,640679,68042591
153,Fiji,https://upload.wikimedia.org/wikipedia/commons/thumb/b/ba/Flag_of_Fiji.svg/1200px-Flag_of_Fiji.svg.png,Suva,18272,893468
154,Kuwait,https://upload.wikimedia.org/wikipedia/commons/thumb/a/aa/Flag_of_Kuwait.svg/1200px-Flag_of_Kuwait.svg.png,Kuwait City,17818,4670713
155,Eswatini,https://upload.wikimedia.org/wikipedia/commons/thumb/f/fb/Flag_of_Eswatini.svg/1200px-Flag_of_Eswatini.svg.png,l</t,17364,1223362
156,East Timor,https://upload.wikimedia.org/wikipedia/commons/thumb/2/26/Flag_of_East_Timor.svg/1200px-Flag_of_East_Timor.svg.png,Dili,14919,1336222
157,Montenegro,https://upload.wikimedia.org/wikipedia/commons/thumb/6/64/Flag_of_Montenegro.svg/1200px-Flag_of_Montenegro.svg.png,Podgorica,13812,617683
158,Vanuatu,https://upload.wikimedia.org/wikipedia/commons/thumb/b/bc/Flag_of_Vanuatu.svg/1200px-Flag_of_Vanuatu.svg.png,Port Vila,12189,301295
159,Falkland Islands,https://upload.wikimedia.org/wikipedia/commons/thumb/8/83/Flag_of_the_Falkland_Islands.svg/1200px-Flag_of_the_Falkland_Islands.svg.png,"Stanley, Falkland Islands",12173,3662
160,UK,https://upload.wikimedia.org/wikipedia/commons/thumb/a/a5/Flag_of_the_United_Kingdom_%281-2%29.svg/1200px-Flag_of_the_United_Kingdom_%281-2%29.svg.png,London,12173,107800
161,Qatar,https://upload.wikimedia.org/wikipedia/commons/thumb/6/65/Flag_of_Qatar.svg/1200px-Flag_of_Qatar.svg.png,Doha,11586,3005069
162,Jamaica,https://upload.wikimedia.org/wikipedia/commons/thumb/0/0a/Flag_of_Jamaica.svg/1200px-Flag_of_Jamaica.svg.png,"Kingston, Jamaica",10991,2825544
163,Kosovo,https://upload.wikimedia.org/wikipedia/commons/thumb/1/1f/Flag_of_Kosovo.svg/1200px-Flag_of_Kosovo.svg.png,Pristina,10887,1798188
164,Lebanon,https://upload.wikimedia.org/wikipedia/commons/thumb/5/59/Flag_of_Lebanon.svg/1200px-Flag_of_Lebanon.svg.png,Beirut,10452,5490000
165,Cyprus,https://upload.wikimedia.org/wikipedia/commons/thumb/d/d4/Flag_of_Cyprus.svg/1200px-Flag_of_Cyprus.svg.png,Nicosia,9251,918100
166,Puerto Rico,https://upload.wikimedia.org/wikipedia/commons/thumb/2/28/Flag_of_Puerto_Rico.svg/1200px-Flag_of_Puerto_Rico.svg.png,"San Juan, Puerto Rico",9104,3221789
167,US,https://upload.wikimedia.org/wikipedia/en/thumb/a/a4/Flag_of_the_United_States.svg/1200px-Flag_of_the_United_States.svg.png,"Washington, D.C.",9104,3221789
168,French Southern and Antarctic Lands,https://upload.wikimedia.org/wikipedia/commons/thumb/a/a7/Flag_of_the_French_Southern_and_Antarctic_Lands.svg/1200px-Flag_of_the_French_Southern_and_Antarctic_Lands.svg.png,"Saint-Pierre, Réunion",,
169,France,https://upload.wikimedia.org/wikipedia/en/thumb/c/c3/Flag_of_France.svg/1200px-Flag_of_France.svg.png,Paris,640679,68042591
170,Brunei,https://upload.wikimedia.org/wikipedia/commons/thumb/9/9c/Flag_of_Brunei.svg/1200px-Flag_of_Brunei.svg.png,Bandar Seri Begawan,5765,440715
171,Trinidad and Tobago,https://upload.wikimedia.org/wikipedia/commons/thumb/6/64/Flag_of_Trinidad_and_Tobago.svg/1200px-Flag_of_Trinidad_and_Tobago.svg.png,Port of Spain,5130,1365805
172,French Polynesia,https://upload.wikimedia.org/wikipedia/commons/thumb/d/db/Flag_of_French_Polynesia.svg/1200px-Flag_of_French_Polynesia.svg.png,Papeete,4167,279890
173,France,https://upload.wikimedia.org/wikipedia/en/thumb/c/c3/Flag_of_France.svg/1200px-Flag_of_France.svg.png,Paris,640679,68042591
174,Cape Verde,https://upload.wikimedia.org/wikipedia/commons/thumb/3/38/Flag_of_Cape_Verde.svg/1200px-Flag_of_Cape_Verde.svg.png,Praia,4033,569509
175,South Georgia and the South Sandwich Islands,https://upload.wikimedia.org/wikipedia/commons/thumb/e/ed/Flag_of_South_Georgia_and_the_South_Sandwich_Islands.svg/1200px-Flag_of_South_Georgia_and_the_South_Sandwich_Islands.svg.png,King Edward Point,3903,
176,UK,https://upload.wikimedia.org/wikipedia/commons/thumb/a/a5/Flag_of_the_United_Kingdom_%281-2%29.svg/1200px-Flag_of_the_United_Kingdom_%281-2%29.svg.png,London,12173,107800
177,South Ossetia,https://upload.wikimedia.org/wikipedia/commons/thumb/1/12/Flag_of_South_Ossetia.svg/1200px-Flag_of_South_Ossetia.svg.png,Tskhinvali,3900,56520
178,Northern Cyprus,https://upload.wikimedia.org/wikipedia/commons/thumb/1/1e/Flag_of_the_Turkish_Republic_of_Northern_Cyprus.svg/1200px-Flag_of_the_Turkish_Republic_of_Northern_Cyprus.svg.png,North Nicosia,3355,382836
179,Samoa,https://upload.wikimedia.org/wikipedia/commons/thumb/3/31/Flag_of_Samoa.svg/1200px-Flag_of_Samoa.svg.png,Apia,2842,205557
180,Hong Kong,https://upload.wikimedia.org/wikipedia/commons/thumb/5/5b/Flag_of_Hong_Kong.svg/1200px-Flag_of_Hong_Kong.svg.png,lism</,2755,7333200
181,China,https://upload.wikimedia.org/wikipedia/commons/thumb/f/fa/Flag_of_the_People%27s_Republic_of_China.svg/1200px-Flag_of_the_People%27s_Republic_of_China.svg.png,Beijing,9596961,1411750000
182,Luxembourg,https://upload.wikimedia.org/wikipedia/commons/thumb/d/da/Flag_of_Luxembourg.svg/1200px-Flag_of_Luxembourg.svg.png,Luxembourg City,2586,660809
183,Mauritius,https://upload.wikimedia.org/wikipedia/commons/thumb/7/77/Flag_of_Mauritius.svg/1200px-Flag_of_Mauritius.svg.png,Port Louis,2040,1261196
184,Comoros,https://upload.wikimedia.org/wikipedia/commons/thumb/9/94/Flag_of_the_Comoros.svg/1200px-Flag_of_the_Comoros.svg.png,"Moroni, Comoros",1862,758316
185,Åland,https://upload.wikimedia.org/wikipedia/commons/thumb/5/52/Flag_of_%C3%85land.svg/1200px-Flag_of_%C3%85land.svg.png,Mariehamn,1580,30423
186,Finland,https://upload.wikimedia.org/wikipedia/commons/thumb/b/bc/Flag_of_Finland.svg/1200px-Flag_of_Finland.svg.png,Helsinki,338425,5541016
187,Faroe Islands,https://upload.wikimedia.org/wikipedia/commons/thumb/3/3c/Flag_of_the_Faroe_Islands.svg/1200px-Flag_of_the_Faroe_Islands.svg.png,Tórshavn,1393,54431
188,São Tomé and Príncipe,https://upload.wikimedia.org/wikipedia/commons/thumb/0/0a/Flag_of_S%C3%A3o_Tom%C3%A9_and_Pr%C3%ADncipe.svg/1200px-Flag_of_S%C3%A3o_Tom%C3%A9_and_Pr%C3%ADncipe.svg.png,São Tomé,964,214610
189,Turks and Caicos Islands,https://upload.wikimedia.org/wikipedia/commons/thumb/a/a0/Flag_of_the_Turks_and_Caicos_Islands.svg/1200px-Flag_of_the_Turks_and_Caicos_Islands.svg.png,Cockburn Town,948,46131
190,UK,https://upload.wikimedia.org/wikipedia/commons/thumb/a/a5/Flag_of_the_United_Kingdom_%281-2%29.svg/1200px-Flag_of_the_United_Kingdom_%281-2%29.svg.png,London,12173,107800
191,Kiribati,https://upload.wikimedia.org/wikipedia/commons/thumb/d/d3/Flag_of_Kiribati.svg/1200px-Flag_of_Kiribati.svg.png,South Tarawa,811,120740
192,Bahrain,https://upload.wikimedia.org/wikipedia/commons/thumb/2/2c/Flag_of_Bahrain.svg/1200px-Flag_of_Bahrain.svg.png,Manama,786,1504365
193,Dominica,https://upload.wikimedia.org/wikipedia/commons/thumb/c/c4/Flag_of_Dominica.svg/1200px-Flag_of_Dominica.svg.png,Roseau,48671,10535535
194,Tonga,https://upload.wikimedia.org/wikipedia/commons/thumb/9/9a/Flag_of_Tonga.svg/1200px-Flag_of_Tonga.svg.png,Nukuʻalofa,747,100179
195,Singapore,https://upload.wikimedia.org/wikipedia/commons/thumb/4/48/Flag_of_Singapore.svg/1200px-Flag_of_Singapore.svg.png,"ls in Asia"",""Chinese-speaking countries and territories"",""City-states"",""Republics in the Commonwealth of Nations"",""Countries and territories where English is an official language"",""Island countries"",""Countries and territories where Malay is an official language"",""Member states of ASEAN"",""Member states of the Commonwealth of Nations"",""Member states of the United Nations"",""Populated coastal places"",""Small Island Developing States"",""Southeast Asian countries"",""States and territories established in 1965"",""Countries and territories where Tamil is an official language"",""1965 establishments in Asia"",""Countries in Asia"",""Populated places established in 1819""],""wgPageViewLanguage"":""en"",""wgPageContentLanguage"":""en"",""wgPageContentModel"":""wikitext"",""wgRelevantPageName",728,5453600
196,Saint Lucia,https://upload.wikimedia.org/wikipedia/commons/thumb/9/9f/Flag_of_Saint_Lucia.svg/1200px-Flag_of_Saint_Lucia.svg.png,Castries,616,178696
197,Isle of Man,https://upload.wikimedia.org/wikipedia/commons/thumb/5/5d/Flag_of_the_Isle_of_Mann.svg/1200px-Flag_of_the_Isle_of_Mann.svg.png,"Douglas, Isle of Man",572,84069
198,UK,https://upload.wikimedia.org/wikipedia/commons/thumb/a/a5/Flag_of_the_United_Kingdom_%281-2%29.svg/1200px-Flag_of_the_United_Kingdom_%281-2%29.svg.png,London,12173,107800
199,Guam,https://upload.wikimedia.org/wikipedia/commons/thumb/0/07/Flag_of_Guam.svg/1200px-Flag_of_Guam.svg.png,Hagåtña,549,153836
200,US,https://upload.wikimedia.org/wikipedia/en/thumb/a/a4/Flag_of_the_United_States.svg/1200px-Flag_of_the_United_States.svg.png,"Washington, D.C.",9104,3221789
201,Andorra,https://upload.wikimedia.org/wikipedia/commons/thumb/1/19/Flag_of_Andorra.svg/1200px-Flag_of_Andorra.svg.png,Andorra la Vella,468,82623
202,Northern Mariana Islands,https://upload.wikimedia.org/wikipedia/commons/thumb/e/e0/Flag_of_the_Northern_Mariana_Islands.svg/1200px-Flag_of_the_Northern_Mariana_Islands.svg.png,Saipan,464,47329
203,US,https://upload.wikimedia.org/wikipedia/en/thumb/a/a4/Flag_of_the_United_States.svg/1200px-Flag_of_the_United_States.svg.png,"Washington, D.C.",9104,3221789
204,Palau,https://upload.wikimedia.org/wikipedia/commons/thumb/4/48/Flag_of_Palau.svg/1200px-Flag_of_Palau.svg.png,Ngerulmud,459,16733
205,Seychelles,https://upload.wikimedia.org/wikipedia/commons/thumb/f/fc/Flag_of_Seychelles.svg/1200px-Flag_of_Seychelles.svg.png,"Victoria, Seychelles",452,100447
206,Curaçao,https://upload.wikimedia.org/wikipedia/commons/thumb/b/b1/Flag_of_Cura%C3%A7ao.svg/1200px-Flag_of_Cura%C3%A7ao.svg.png,Willemstad,444,
207,Netherlands,https://upload.wikimedia.org/wikipedia/commons/thumb/2/20/Flag_of_the_Netherlands.svg/1200px-Flag_of_the_Netherlands.svg.png,Amsterdam,41850,
208,Antigua and Barbuda,https://upload.wikimedia.org/wikipedia/commons/thumb/8/89/Flag_of_Antigua_and_Barbuda.svg/1200px-Flag_of_Antigua_and_Barbuda.svg.png,"St. John's, Antigua and Barbuda",442,100772
209,Barbados,https://upload.wikimedia.org/wikipedia/commons/thumb/e/ef/Flag_of_Barbados.svg/1200px-Flag_of_Barbados.svg.png,Bridgetown,431,267800
210,Australia,https://upload.wikimedia.org/wikipedia/commons/thumb/8/88/Flag_of_Australia_%28converted%29.svg/1200px-Flag_of_Australia_%28converted%29.svg.png,Canberra,7692024,26567100
211,Saint Vincent and the Grenadines,https://upload.wikimedia.org/wikipedia/commons/thumb/6/6d/Flag_of_Saint_Vincent_and_the_Grenadines.svg/1200px-Flag_of_Saint_Vincent_and_the_Grenadines.svg.png,Kingstown,389,110872
212,Norway,https://upload.wikimedia.org/wikipedia/commons/thumb/d/d9/Flag_of_Norway.svg/1200px-Flag_of_Norway.svg.png,Oslo,385207,5504329
213,US,https://upload.wikimedia.org/wikipedia/en/thumb/a/a4/Flag_of_the_United_States.svg/1200px-Flag_of_the_United_States.svg.png,"Washington, D.C.",9104,3221789
214,Grenada,https://upload.wikimedia.org/wikipedia/commons/thumb/b/bc/Flag_of_Grenada.svg/1200px-Flag_of_Grenada.svg.png,"St. George's, Grenada",344,112579
215,Malta,https://upload.wikimedia.org/wikipedia/commons/thumb/7/73/Flag_of_Malta.svg/1200px-Flag_of_Malta.svg.png,Valletta,316,519562
216,"Saint Helena, Ascension and Tristan da Cunha",,"Jamestown, Saint Helena",308,5651
217,UK,https://upload.wikimedia.org/wikipedia/commons/thumb/a/a5/Flag_of_the_United_Kingdom_%281-2%29.svg/1200px-Flag_of_the_United_Kingdom_%281-2%29.svg.png,London,12173,107800
218,Maldives,https://upload.wikimedia.org/wikipedia/commons/thumb/0/0f/Flag_of_Maldives.svg/1200px-Flag_of_Maldives.svg.png,Malé,300,397372
219,Bonaire,https://upload.wikimedia.org/wikipedia/commons/thumb/1/1e/Flag_of_Bonaire.svg/1200px-Flag_of_Bonaire.svg.png,Kralendijk,294,
220,Netherlands,https://upload.wikimedia.org/wikipedia/commons/thumb/2/20/Flag_of_the_Netherlands.svg/1200px-Flag_of_the_Netherlands.svg.png,Amsterdam,41850,
221,Cayman Islands,https://upload.wikimedia.org/wikipedia/commons/thumb/0/0f/Flag_of_the_Cayman_Islands.svg/1200px-Flag_of_the_Cayman_Islands.svg.png,"George Town, Cayman Islands",264,71105
222,UK,https://upload.wikimedia.org/wikipedia/commons/thumb/a/a5/Flag_of_the_United_Kingdom_%281-2%29.svg/1200px-Flag_of_the_United_Kingdom_%281-2%29.svg.png,London,12173,107800
223,Saint Kitts and Nevis,https://upload.wikimedia.org/wikipedia/commons/thumb/f/fe/Flag_of_Saint_Kitts_and_Nevis.svg/1200px-Flag_of_Saint_Kitts_and_Nevis.svg.png,Basseterre,261,47195
224,Niue,https://upload.wikimedia.org/wikipedia/commons/thumb/0/01/Flag_of_Niue.svg/1200px-Flag_of_Niue.svg.png,Alofi,260,1549
225,Akrotiri and Dhekelia,https://upload.wikimedia.org/wikipedia/en/thumb/a/ae/Flag_of_the_United_Kingdom.svg/1200px-Flag_of_the_United_Kingdom.svg.png,Episkopi Cantonment,254,
226,UK,https://upload.wikimedia.org/wikipedia/commons/thumb/a/a5/Flag_of_the_United_Kingdom_%281-2%29.svg/1200px-Flag_of_the_United_Kingdom_%281-2%29.svg.png,London,12173,107800
227,Saint Pierre and Miquelon,https://upload.wikimedia.org/wikipedia/en/thumb/c/c3/Flag_of_France.svg/1200px-Flag_of_France.svg.png,"Saint-Pierre, Saint Pierre and Miquelon",242,6092
228,France,https://upload.wikimedia.org/wikipedia/en/thumb/c/c3/Flag_of_France.svg/1200px-Flag_of_France.svg.png,Paris,640679,68042591
229,Cook Islands,https://upload.wikimedia.org/wikipedia/commons/thumb/3/35/Flag_of_the_Cook_Islands.svg/1200px-Flag_of_the_Cook_Islands.svg.png,Avarua,236,15040
230,American Samoa,https://upload.wikimedia.org/wikipedia/commons/thumb/8/87/Flag_of_American_Samoa.svg/1200px-Flag_of_American_Samoa.svg.png,Pago Pago,199,49710
231,US,https://upload.wikimedia.org/wikipedia/en/thumb/a/a4/Flag_of_the_United_States.svg/1200px-Flag_of_the_United_States.svg.png,"Washington, D.C.",9104,3221789
232,Marshall Islands,https://upload.wikimedia.org/wikipedia/commons/thumb/2/2e/Flag_of_the_Marshall_Islands.svg/1200px-Flag_of_the_Marshall_Islands.svg.png,Delap-Uliga-Djarrit,181,39262
233,Aruba,https://upload.wikimedia.org/wikipedia/commons/thumb/f/f6/Flag_of_Aruba.svg/1200px-Flag_of_Aruba.svg.png,"Oranjestad, Aruba",180,106739
234,Netherlands,https://upload.wikimedia.org/wikipedia/commons/thumb/2/20/Flag_of_the_Netherlands.svg/1200px-Flag_of_the_Netherlands.svg.png,Amsterdam,41850,
235,Chile,https://upload.wikimedia.org/wikipedia/commons/thumb/7/78/Flag_of_Chile.svg/1200px-Flag_of_Chile.svg.png,Santiago,756102,19960889
236,Liechtenstein,https://upload.wikimedia.org/wikipedia/commons/thumb/4/47/Flag_of_Liechtenstein.svg/1200px-Flag_of_Liechtenstein.svg.png,Vaduz,160,39680
237,British Virgin Islands,https://upload.wikimedia.org/wikipedia/commons/thumb/4/42/Flag_of_the_British_Virgin_Islands.svg/1200px-Flag_of_the_British_Virgin_Islands.svg.png,Road Town,151,31538
238,UK,https://upload.wikimedia.org/wikipedia/commons/thumb/a/a5/Flag_of_the_United_Kingdom_%281-2%29.svg/1200px-Flag_of_the_United_Kingdom_%281-2%29.svg.png,London,12173,107800
239,Wallis and Futuna,https://upload.wikimedia.org/wikipedia/en/thumb/c/c3/Flag_of_France.svg/1200px-Flag_of_France.svg.png,Mata Utu,142,11369
240,France,https://upload.wikimedia.org/wikipedia/en/thumb/c/c3/Flag_of_France.svg/1200px-Flag_of_France.svg.png,Paris,640679,68042591
241,Christmas Island,https://upload.wikimedia.org/wikipedia/commons/thumb/6/67/Flag_of_Christmas_Island.svg/1200px-Flag_of_Christmas_Island.svg.png,Flying Fish Cove,135,1692
242,Australia,https://upload.wikimedia.org/wikipedia/commons/thumb/8/88/Flag_of_Australia_%28converted%29.svg/1200px-Flag_of_Australia_%28converted%29.svg.png,Canberra,7692024,26567100
243,Jersey,https://upload.wikimedia.org/wikipedia/commons/thumb/1/1c/Flag_of_Jersey.svg/1200px-Flag_of_Jersey.svg.png,St Helier,116,107800
244,UK,https://upload.wikimedia.org/wikipedia/commons/thumb/a/a5/Flag_of_the_United_Kingdom_%281-2%29.svg/1200px-Flag_of_the_United_Kingdom_%281-2%29.svg.png,London,12173,107800
245,Montserrat,https://upload.wikimedia.org/wikipedia/commons/thumb/d/d0/Flag_of_Montserrat.svg/1200px-Flag_of_Montserrat.svg.png,"Plymouth, Montserrat",102,4433
246,UK,https://upload.wikimedia.org/wikipedia/commons/thumb/a/a5/Flag_of_the_United_Kingdom_%281-2%29.svg/1200px-Flag_of_the_United_Kingdom_%281-2%29.svg.png,London,12173,107800
247,Anguilla,https://upload.wikimedia.org/wikipedia/commons/thumb/b/b4/Flag_of_Anguilla.svg/1200px-Flag_of_Anguilla.svg.png,"The Valley, Anguilla",91,15701
248,UK,https://upload.wikimedia.org/wikipedia/commons/thumb/a/a5/Flag_of_the_United_Kingdom_%281-2%29.svg/1200px-Flag_of_the_United_Kingdom_%281-2%29.svg.png,London,12173,107800
249,UK,https://upload.wikimedia.org/wikipedia/commons/thumb/a/a5/Flag_of_the_United_Kingdom_%281-2%29.svg/1200px-Flag_of_the_United_Kingdom_%281-2%29.svg.png,London,12173,107800
250,San Marino,https://upload.wikimedia.org/wikipedia/commons/thumb/b/b1/Flag_of_San_Marino.svg/1200px-Flag_of_San_Marino.svg.png,City of San Marino,61,33847
251,British Indian Ocean Territory,https://upload.wikimedia.org/wikipedia/commons/thumb/6/65/Flag_of_the_Commissioner_of_the_British_Indian_Ocean_Territory.svg/1200px-Flag_of_the_Commissioner_of_the_British_Indian_Ocean_Territory.svg.png,Camp Thunder Cove,60,
252,UK,https://upload.wikimedia.org/wikipedia/commons/thumb/a/a5/Flag_of_the_United_Kingdom_%281-2%29.svg/1200px-Flag_of_the_United_Kingdom_%281-2%29.svg.png,London,12173,107800
253,France,https://upload.wikimedia.org/wikipedia/en/thumb/c/c3/Flag_of_France.svg/1200px-Flag_of_France.svg.png,Paris,640679,68042591
254,Bermuda,https://upload.wikimedia.org/wikipedia/commons/thumb/b/bf/Flag_of_Bermuda.svg/1200px-Flag_of_Bermuda.svg.png,"Hamilton, Bermuda",54,64055
255,UK,https://upload.wikimedia.org/wikipedia/commons/thumb/a/a5/Flag_of_the_United_Kingdom_%281-2%29.svg/1200px-Flag_of_the_United_Kingdom_%281-2%29.svg.png,London,12173,107800
256,Norway,https://upload.wikimedia.org/wikipedia/commons/thumb/d/d9/Flag_of_Norway.svg/1200px-Flag_of_Norway.svg.png,Oslo,385207,5504329
257,Pitcairn Islands,https://upload.wikimedia.org/wikipedia/commons/thumb/8/88/Flag_of_the_Pitcairn_Islands.svg/1200px-Flag_of_the_Pitcairn_Islands.svg.png,"Adamstown, Pitcairn Islands",47,47
258,UK,https://upload.wikimedia.org/wikipedia/commons/thumb/a/a5/Flag_of_the_United_Kingdom_%281-2%29.svg/1200px-Flag_of_the_United_Kingdom_%281-2%29.svg.png,London,12173,107800
259,Norfolk Island,https://upload.wikimedia.org/wikipedia/commons/thumb/4/48/Flag_of_Norfolk_Island.svg/1200px-Flag_of_Norfolk_Island.svg.png,"Kingston, Norfolk Island",36,2188
260,Australia,https://upload.wikimedia.org/wikipedia/commons/thumb/8/88/Flag_of_Australia_%28converted%29.svg/1200px-Flag_of_Australia_%28converted%29.svg.png,Canberra,7692024,26567100
261,Sint Maarten,https://upload.wikimedia.org/wikipedia/commons/thumb/d/d3/Flag_of_Sint_Maarten.svg/1200px-Flag_of_Sint_Maarten.svg.png,"Philipsburg, Sint Maarten",34,42938
262,Netherlands,https://upload.wikimedia.org/wikipedia/commons/thumb/2/20/Flag_of_the_Netherlands.svg/1200px-Flag_of_the_Netherlands.svg.png,Amsterdam,41850,
263,Macau,https://upload.wikimedia.org/wikipedia/commons/thumb/6/63/Flag_of_Macau.svg/1200px-Flag_of_Macau.svg.png,l_Cities,,673600
264,China,https://upload.wikimedia.org/wikipedia/commons/thumb/f/fa/Flag_of_the_People%27s_Republic_of_China.svg/1200px-Flag_of_the_People%27s_Republic_of_China.svg.png,Beijing,9596961,1411750000
265,Tuvalu,https://upload.wikimedia.org/wikipedia/commons/thumb/3/38/Flag_of_Tuvalu.svg/1200px-Flag_of_Tuvalu.svg.png,Funafuti,26,10679
266,Nauru,https://upload.wikimedia.org/wikipedia/commons/thumb/3/30/Flag_of_Nauru.svg/1200px-Flag_of_Nauru.svg.png,Yaren District,21,11832
267,Saint Barthélemy,https://upload.wikimedia.org/wikipedia/en/thumb/c/c3/Flag_of_France.svg/1200px-Flag_of_France.svg.png,"Gustavia, Saint Barthélemy",21,10585
268,France,https://upload.wikimedia.org/wikipedia/en/thumb/c/c3/Flag_of_France.svg/1200px-Flag_of_France.svg.png,Paris,640679,68042591
269,Sint Eustatius,https://upload.wikimedia.org/wikipedia/commons/thumb/0/08/Flag_of_Sint_Eustatius.svg/1200px-Flag_of_Sint_Eustatius.svg.png,"Oranjestad, Sint Eustatius",21,
270,Netherlands,https://upload.wikimedia.org/wikipedia/commons/thumb/2/20/Flag_of_the_Netherlands.svg/1200px-Flag_of_the_Netherlands.svg.png,Amsterdam,41850,
271,Cocos (Keeling) Islands,https://upload.wikimedia.org/wikipedia/commons/thumb/7/74/Flag_of_the_Cocos_%28Keeling%29_Islands.svg/1200px-Flag_of_the_Cocos_%28Keeling%29_Islands.svg.png,"West Island, Cocos (Keeling) Islands",14,593
272,Australia,https://upload.wikimedia.org/wikipedia/commons/thumb/8/88/Flag_of_Australia_%28converted%29.svg/1200px-Flag_of_Australia_%28converted%29.svg.png,Canberra,7692024,26567100
273,Netherlands,https://upload.wikimedia.org/wikipedia/commons/thumb/2/20/Flag_of_the_Netherlands.svg/1200px-Flag_of_the_Netherlands.svg.png,Amsterdam,41850,
274,Tokelau,https://upload.wikimedia.org/wikipedia/commons/thumb/8/8e/Flag_of_Tokelau.svg/1200px-Flag_of_Tokelau.svg.png,Atafu,12,1647
275,Gibraltar,https://upload.wikimedia.org/wikipedia/commons/thumb/0/02/Flag_of_Gibraltar.svg/1200px-Flag_of_Gibraltar.svg.png,"Westside, Gibraltar",6,34003
276,UK,https://upload.wikimedia.org/wikipedia/commons/thumb/a/a5/Flag_of_the_United_Kingdom_%281-2%29.svg/1200px-Flag_of_the_United_Kingdom_%281-2%29.svg.png,London,12173,107800
277,France,https://upload.wikimedia.org/wikipedia/en/thumb/c/c3/Flag_of_France.svg/1200px-Flag_of_France.svg.png,Paris,640679,68042591
278,Australia,https://upload.wikimedia.org/wikipedia/commons/thumb/8/88/Flag_of_Australia_%28converted%29.svg/1200px-Flag_of_Australia_%28converted%29.svg.png,Canberra,7692024,26567100
279,Australia,https://upload.wikimedia.org/wikipedia/commons/thumb/8/88/Flag_of_Australia_%28converted%29.svg/1200px-Flag_of_Australia_%28converted%29.svg.png,Canberra,7692024,26567100
